[{"id":"user-image-f1_logo.svg","publicUrl":"np://user.desktop.nicepage.com/Site_94607655/images/f1_logo.svg","size":1041,"fileName":"f1_logo.svg","name":"f1_logo","width":120,"height":30,"thumbnail":{"url":"np://user.desktop.nicepage.com/Site_94607655/images/f1_logo.svg","width":120,"height":30,"length":1041,"type":"svg"}},{"id":"user-image-Japan.png","publicUrl":"np://user.desktop.nicepage.com/Site_94607655/images/Japan.png","size":38834,"fileName":"Japan.png","name":"Japan","width":800,"height":600,"thumbnail":{"url":"np://user.desktop.nicepage.com/Site_94607655/images/thumbnails/Japan.png","width":250,"height":188}},{"id":"user-image-2022.png","publicUrl":"np://user.desktop.nicepage.com/Site_94607655/images/2022.png","size":8704,"fileName":"2022.png","name":"2022","width":432,"height":119,"thumbnail":{"url":"np://user.desktop.nicepage.com/Site_94607655/images/thumbnails/2022.png","width":250,"height":69}},{"id":"user-image-1665221797255_1665221781060_0_image1_FAST_x2.png","publicUrl":"np://user.desktop.nicepage.com/Site_94607655/images/1665221797255_1665221781060_0_image1_FAST_x2.png","size":980068,"fileName":"1665221797255_1665221781060_0_image1_FAST_x2.png","name":"1665221797255_1665221781060_0_image1_FAST_x2","width":676,"height":1204,"thumbnail":{"url":"np://user.desktop.nicepage.com/Site_94607655/images/thumbnails/1665221797255_1665221781060_0_image1_FAST_x2.png","width":140,"height":250}}]